<?xml version="1.0" encoding="UTF-8"?>
<beans:beans xmlns="http://www.springframework.org/schema/security"
	xmlns:beans="http://www.springframework.org/schema/beans" xmlns:xsi="http://www.w3.org/2001/XMLSchema-instance"
	xsi:schemaLocation="http://www.springframework.org/schema/beans
	http://www.springframework.org/schema/beans/spring-beans-3.0.xsd
	http://www.springframework.org/schema/security 
	http://www.springframework.org/schema/security/spring-security-3.2.xsd">

	<beans:bean id="dataSource"
		class="org.springframework.jdbc.datasource.DriverManagerDataSource">

		<beans:property name="driverClassName" value="com.mysql.jdbc.Driver" />
		<beans:property name="url"
			value="jdbc:mysql://localhost:3306/javatest" />
		<beans:property name="username" value="javauser" />
		<beans:property name="password" value="javadude" />
	</beans:bean>

	<!-- Root Context: defines shared resources visible to all other web components -->
	<http auto-config="true" use-expressions="true">
	
		<intercept-url pattern="/admin**" access="hasRole('ROLE_ADMIN')" />
		
		<!-- access denied page -->
		<access-denied-handler error-page="/403" />
 
	
		<form-login login-page="/login" default-target-url="/welcome"
			authentication-failure-url="/login?error" username-parameter="username"
			password-parameter="password" />
		<logout logout-success-url="/login?logout" />
		<!-- enable csrf protection -->
		<csrf />
	</http>

	<authentication-manager>
		<authentication-provider>
			<jdbc-user-service data-source-ref="dataSource"
				users-by-username-query
					="select username,password, enabled from users where username=?"
				authorities-by-username-query
					="select username, role from user_roles where username =?  " />
		</authentication-provider>
	</authentication-manager>

</beans:beans>
